{"environment": "", "features": [{"name": "Bulk Uplod successfully", "status": "failed", "duration": 128.44942116737366, "filename": "features/bulkupload.feature", "scenarios": [{"name": "Bulk Upload Stb", "duration": 128.44942116737366, "status": "failed", "tags": ["Bulkupload", "stage"], "filename": "features/bulkupload.feature", "feature": "Bulk Uplod successfully", "id_feature": 62084, "steps": [{"step_type": "when", "name": "generate Bulkdata", "text": "None", "status": "passed", "duration": 0.009023189544677734, "hash": 28718175, "index": 0}, {"step_type": "then", "name": "verify the data is generated correctly", "text": "None", "status": "passed", "duration": 0.033086538314819336, "hash": 32268022, "index": 1}, {"step_type": "given", "name": "Launch browser", "text": "None", "status": "passed", "duration": 2.8599605560302734, "hash": 73116809, "index": 2}, {"step_type": "when", "name": "the user navigates to TCCL SMS login page", "text": "None", "status": "passed", "duration": 1.4778923988342285, "hash": 95300672, "index": 3}, {"step_type": "then", "name": "Enter userName and password", "text": "None", "status": "passed", "duration": 2.228977680206299, "hash": 736425, "index": 4}, {"step_type": "then", "name": "Click continue button for SMS User Login", "text": "None", "status": "passed", "duration": 8.268922567367554, "hash": 90303510, "index": 5}, {"step_type": "then", "name": "After login Click STB Module", "text": "None", "status": "passed", "duration": 0.11530399322509766, "hash": 39068794, "index": 6}, {"step_type": "then", "name": "Verify STB BredCrumb", "text": "None", "status": "passed", "duration": 0.7063708305358887, "hash": 30851070, "index": 7}, {"step_type": "then", "name": "click Create STB", "text": "None", "status": "passed", "duration": 1.2014164924621582, "hash": 49428163, "index": 8}, {"step_type": "then", "name": "bulk Upload Create STB", "text": "None", "status": "passed", "duration": 15.71988821029663, "hash": 74467592, "index": 9}, {"step_type": "then", "name": "after Upload Verify the stb", "text": "None", "status": "passed", "duration": 20.28969669342041, "hash": 90448970, "index": 10}, {"step_type": "then", "name": "click Transfer STB and upload", "text": "None", "status": "passed", "duration": 42.375279903411865, "hash": 1816587, "index": 11}, {"step_type": "then", "name": "Upload bulk Create Subscriber", "text": "None", "status": "failed", "duration": 33.163602113723755, "error_msg": "string indices must be integers, not 'str'", "error_lines": ["  File \"C:\\Users\\SushmithaS\\AppData\\Local\\Programs\\Python\\Python312\\Lib\\site-packages\\behave\\model.py\", line 1329, in run\n    match.run(runner.context)\n", "  File \"C:\\Users\\SushmithaS\\AppData\\Local\\Programs\\Python\\Python312\\Lib\\site-packages\\behave\\matchers.py\", line 98, in run\n    self.func(context, *args, **kwargs)\n", "  File \"features\\steps\\bulkUploadsteps.py\", line 87, in steps_upload_bulk_create_subscriber\n    context.subscriberID_search_page.afterUpload_Search_SubName(context,file_path)\n", "  File \"D:\\Automation\\tccl-sms\\TestAutomation-SMS\\TestAutomation-SMS\\features\\pages\\subscriberID_search_page.py\", line 75, in afterUpload_Search_SubName\n    subscriber_name = row_data[\"First Name*\"]\n                      ~~~~~~~~^^^^^^^^^^^^^^^\n"], "hash": 29130288, "index": 12}, {"step_type": "then", "name": "Upload Bulk data for Product", "text": "None", "status": "skipped", "duration": 0.0, "hash": 47569392, "index": 13}, {"step_type": "then", "name": "After upload verify Product", "text": "None", "status": "skipped", "duration": 0.0, "hash": 12305990, "index": 14}], "outline_index": 0, "background": {"duration": 0.0, "steps": []}, "error_msg": ["string indices must be integers, not 'str'"], "error_lines": ["  File \"C:\\Users\\SushmithaS\\AppData\\Local\\Programs\\Python\\Python312\\Lib\\site-packages\\behave\\model.py\", line 1329, in run\n    match.run(runner.context)\n", "  File \"C:\\Users\\SushmithaS\\AppData\\Local\\Programs\\Python\\Python312\\Lib\\site-packages\\behave\\matchers.py\", line 98, in run\n    self.func(context, *args, **kwargs)\n", "  File \"features\\steps\\bulkUploadsteps.py\", line 87, in steps_upload_bulk_create_subscriber\n    context.subscriberID_search_page.afterUpload_Search_SubName(context,file_path)\n", "  File \"D:\\Automation\\tccl-sms\\TestAutomation-SMS\\TestAutomation-SMS\\features\\pages\\subscriberID_search_page.py\", line 75, in afterUpload_Search_SubName\n    subscriber_name = row_data[\"First Name*\"]\n                      ~~~~~~~~^^^^^^^^^^^^^^^\n"], "error_step": {"step_type": "then", "name": "Upload bulk Create Subscriber", "text": "None", "status": "failed", "duration": 33.163602113723755, "error_msg": "string indices must be integers, not 'str'", "error_lines": ["  File \"C:\\Users\\SushmithaS\\AppData\\Local\\Programs\\Python\\Python312\\Lib\\site-packages\\behave\\model.py\", line 1329, in run\n    match.run(runner.context)\n", "  File \"C:\\Users\\SushmithaS\\AppData\\Local\\Programs\\Python\\Python312\\Lib\\site-packages\\behave\\matchers.py\", line 98, in run\n    self.func(context, *args, **kwargs)\n", "  File \"features\\steps\\bulkUploadsteps.py\", line 87, in steps_upload_bulk_create_subscriber\n    context.subscriberID_search_page.afterUpload_Search_SubName(context,file_path)\n", "  File \"D:\\Automation\\tccl-sms\\TestAutomation-SMS\\TestAutomation-SMS\\features\\pages\\subscriberID_search_page.py\", line 75, in afterUpload_Search_SubName\n    subscriber_name = row_data[\"First Name*\"]\n                      ~~~~~~~~^^^^^^^^^^^^^^^\n"], "hash": 29130288, "index": 12}, "error_background": false, "id_hash": 54711093}], "background": {}, "id": 62084}], "steps_definition": {"29130288": "Upload bulk Create Subscriber", "28718175": "generate Bulkdata", "32268022": "verify the data is generated correctly", "73116809": "Launch browser", "95300672": "the user navigates to TCCL SMS login page", "736425": "Enter userName and password", "90303510": "Click continue button for SMS User Login", "39068794": "After login Click STB Module", "30851070": "Verify STB BredCrumb", "49428163": "click Create STB", "74467592": "bulk Upload Create STB", "90448970": "after Upload Verify the stb", "1816587": "click Transfer STB and upload", "47569392": "Upload Bulk data for Product", "12305990": "After upload verify Product"}}